Date,Weekly_Sales
2010-01-10,1827440.43
2010-01-10,495692.19
2010-01-10,905987.17
2010-01-10,1855703.66
2010-01-10,445475.3
2010-01-10,690007.76
2010-01-10,224294.39
2010-01-10,566945.95
2010-01-10,865709.11
2010-01-10,948977.5
2010-01-10,529877.93
2010-01-10,923221.52
2010-01-10,422169.47
2010-01-10,358784.1
2010-01-10,1765584.48
2010-01-10,804105.49
2010-01-10,448998.73
2010-01-10,1215273.2
2010-01-10,829207.27
2010-01-10,474698.01
2010-01-10,657108.77
2010-01-10,360256.58
2010-01-10,891152.33
2010-01-10,1933719.21
2010-01-10,463977.54
2010-01-10,1182490.46
2010-01-10,771065.21
2010-01-10,677158.39
2010-01-10,1061089.56
2010-01-10,1842821.02
2010-01-10,658640.14
2010-01-10,283178.12
2010-01-10,1543532.83
2010-01-10,1109216.35
2010-01-10,1129909.44
2010-01-10,1328468.89
2010-01-10,1453329.5
2010-01-10,300152.45
2010-01-10,1219583.91
2010-01-10,1213981.64
2010-01-10,1203080.41
2010-01-10,481523.93
2010-01-10,850936.26
2010-01-10,1379456.3
2010-01-10,1645892.97
2010-02-04,979428.66
2010-02-04,331406.0
2010-02-04,1441559.4
2010-02-04,286197.5
2010-02-04,2495630.51
2010-02-04,2405395.22
2010-02-04,2138651.97
2010-02-04,650102.8
2010-02-04,1770333.9
2010-02-04,1254107.84
2010-02-04,1131732.94
2010-02-04,1446210.26
2010-02-04,1979247.12
2010-02-04,914500.91
2010-02-04,505907.41
2010-02-04,1011822.3
2010-02-04,599629.25
2010-02-04,1357600.68
2010-02-04,753664.12
2010-02-04,1168826.39
2010-02-04,457884.06
2010-02-04,540189.7
2010-02-04,2142482.14
2010-02-04,423294.4
2010-02-04,1478321.26
2010-02-04,274634.52
2010-02-04,1463942.62
2010-02-04,1642970.27
2010-02-04,1556627.62
2010-02-04,1041202.13
2010-02-04,368929.55
2010-02-04,2066187.72
2010-02-04,718470.71
2010-02-04,545206.32
2010-02-04,1177340.99
2010-02-04,435972.82
2010-02-04,1189556.47
2010-02-04,848521.17
2010-02-04,877235.96
2010-02-04,2053952.97
2010-02-04,490503.69
2010-02-04,822486.37
2010-02-04,561145.14
2010-02-04,1594968.28
2010-02-04,1029849.2
2010-02-07,498292.53
2010-02-07,575570.77
2010-02-07,1563387.94
2010-02-07,381151.72
2010-02-07,958875.37
2010-02-07,1352547.7
2010-02-07,507168.8
2010-02-07,1087578.78
2010-02-07,1245827.08
2010-02-07,800147.84
2010-02-07,1759777.25
2010-02-07,951957.31
2010-02-07,1078455.48
2010-02-07,450337.47
2010-02-07,528832.54
2010-02-07,1311704.92
2010-02-07,1257928.35
2010-02-07,610641.42
2010-02-07,361181.48
2010-02-07,267495.76
2010-02-07,1273279.79
2010-02-07,2018314.71
2010-02-07,434252.15
2010-02-07,711470.8
2010-02-07,852333.75
2010-02-07,919229.36
2010-02-07,759407.87
2010-02-07,2003940.64
2010-02-07,1549113.18
2010-02-07,1399960.15
2010-02-07,305993.27
2010-02-07,300628.19
2010-02-07,709337.11
2010-02-07,1187988.64
2010-02-07,667353.79
2010-02-07,1845893.87
2010-02-07,1302600.14
2010-02-07,2334788.42
2010-02-07,2024554.1
2010-02-07,581473.55
2010-02-07,2143676.77
2010-02-07,1120259.71
2010-02-07,1549018.68
2010-02-07,1881337.21
2010-02-07,1492418.14
2010-03-09,1510925.32
2010-03-09,948660.79
2010-03-09,1540163.53
2010-03-09,1303914.27
2010-03-09,1623519.64
2010-03-09,899036.47
2010-03-09,1935857.58
2010-03-09,1095932.51
2010-03-09,511049.06
2010-03-09,1302047.48
2010-03-09,685700.08
2010-03-09,1075758.55
2010-03-09,524658.06
2010-03-09,542087.89
2010-03-09,964356.74
2010-03-09,1037549.71
2010-03-09,1074535.88
2010-03-09,377096.55
2010-03-09,689326.91
2010-03-09,579272.38
2010-03-09,510427.53
2010-03-09,1366381.6
2010-03-09,1766331.45
2010-03-09,976453.34
2010-03-09,1908110.9
2010-03-09,1345167.61
2010-03-09,638647.21
2010-03-09,2182563.66
2010-03-09,1523410.71
2010-03-09,295880.12
2010-03-09,323798.0
2010-03-09,1904608.09
2010-03-09,1223355.5
2010-03-09,834373.73
2010-03-09,727772.8
2010-03-09,431294.45
2010-03-09,1187359.77
2010-03-09,237405.82
2010-03-09,532765.05
2010-03-09,461548.98
2010-03-09,1405119.23
2010-03-09,790144.7
2010-03-09,2121561.41
2010-03-09,1911852.58
2010-03-09,366473.97
2010-03-12,578164.82
2010-03-12,344490.88
2010-03-12,1000582.06
2010-03-12,829210.73
2010-03-12,209986.25
2010-03-12,1615987.96
2010-03-12,1230514.58
2010-03-12,2251206.64
2010-03-12,952766.93
2010-03-12,1211026.13
2010-03-12,1001512.21
2010-03-12,360266.09
2010-03-12,1220115.75
2010-03-12,1338716.37
2010-03-12,2102530.17
2010-03-12,642678.53
2010-03-12,557543.62
2010-03-12,508213.14
2010-03-12,1380522.64
2010-03-12,2258489.63
2010-03-12,1447916.29
2010-03-12,1413302.7
2010-03-12,2015781.27
2010-03-12,351925.36
2010-03-12,2083379.89
2010-03-12,926573.81
2010-03-12,754134.95
2010-03-12,264214.12
2010-03-12,552811.62
2010-03-12,1016143.64
2010-03-12,879244.9
2010-03-12,2416051.17
2010-03-12,512260.59
2010-03-12,1548033.78
2010-03-12,885572.96
2010-03-12,1884343.67
2010-03-12,476420.77
2010-03-12,982598.88
2010-03-12,1677067.24
2010-03-12,1431910.98
2010-03-12,1069533.17
2010-03-12,407112.22
2010-03-12,1200892.56
2010-03-12,500250.8
2010-03-12,1617025.41
2010-04-06,1282378.71
2010-04-06,837548.62
2010-04-06,556046.12
2010-04-06,682012.53
2010-04-06,2203619.35
2010-04-06,876902.87
2010-04-06,1271311.76
2010-04-06,693192.5
2010-04-06,2073102.59
2010-04-06,1049357.36
2010-04-06,1003202.66
2010-04-06,2102539.93
2010-04-06,958225.41
2010-04-06,516295.81
2010-04-06,1903290.58
2010-04-06,1396322.19
2010-04-06,586061.46
2010-04-06,1149234.96
2010-04-06,376184.88
2010-04-06,509183.22
2010-04-06,1615524.71
2010-04-06,764155.44
2010-04-06,1052429.03
2010-04-06,1514435.51
2010-04-06,337825.89
2010-04-06,458343.7
2010-04-06,2022705.22
2010-04-06,396968.8
2010-04-06,479195.02
2010-04-06,1566668.91
2010-04-06,588017.66
2010-04-06,471088.88
2010-04-06,1305068.1
2010-04-06,1519013.49
2010-04-06,1931406.28
2010-04-06,282351.82
2010-04-06,2363601.47
2010-04-06,285100.0
2010-04-06,1512207.95
2010-04-06,1857380.09
2010-04-06,1543678.02
2010-04-06,966187.51
2010-04-06,1095539.13
2010-04-06,1427624.5
2010-04-06,806012.48
2010-05-02,358496.14
2010-05-02,1652635.1
2010-05-02,536006.73
2010-05-02,467546.74
2010-05-02,1230596.8
2010-05-02,1364721.58
2010-05-02,1004137.09
2010-05-02,1507637.17
2010-05-02,1643690.9
2010-05-02,549505.55
2010-05-02,1388725.63
2010-05-02,647029.28
2010-05-02,1967220.53
2010-05-02,465108.52
2010-05-02,461622.22
2010-05-02,538634.46
2010-05-02,798593.88
2010-05-02,2401395.47
2010-05-02,281090.95
2010-05-02,2623469.95
2010-05-02,1672352.29
2010-05-02,652122.44
2010-05-02,2136989.46
2010-05-02,890689.51
2010-05-02,1874289.79
2010-05-02,477409.3
2010-05-02,1034119.21
2010-05-02,789036.02
2010-05-02,677231.63
2010-05-02,1469252.05
2010-05-02,1100046.37
2010-05-02,496725.44
2010-05-02,1033017.37
2010-05-02,956228.96
2010-05-02,2135143.87
2010-05-02,1086533.18
2010-05-02,274593.43
2010-05-02,1528008.64
2010-05-02,2193048.75
2010-05-02,543384.01
2010-05-02,1230613.5
2010-05-02,1087616.19
2010-05-02,1001943.8
2010-05-02,1205307.5
2010-05-02,317173.1
2010-05-03,1005669.58
2010-05-03,480203.43
2010-05-03,1495844.57
2010-05-03,1313729.72
2010-05-03,1162610.27
2010-05-03,1987090.09
2010-05-03,783300.05
2010-05-03,605325.43
2010-05-03,507297.88
2010-05-03,444181.85
2010-05-03,491419.55
2010-05-03,1608435.45
2010-05-03,2237544.75
2010-05-03,291484.89
2010-05-03,535087.91
2010-05-03,1426622.65
2010-05-03,472591.07
2010-05-03,1939980.43
2010-05-03,519255.68
2010-05-03,1311175.93
2010-05-03,1066566.74
2010-05-03,1179738.5
2010-05-03,1384870.51
2010-05-03,1077018.27
2010-05-03,881503.95
2010-05-03,918295.79
2010-05-03,1412387.37
2010-05-03,665750.06
2010-05-03,554972.42
2010-05-03,1601348.82
2010-05-03,777951.22
2010-05-03,1991013.13
2010-05-03,990152.28
2010-05-03,288855.71
2010-05-03,1009201.24
2010-05-03,284617.27
2010-05-03,2119213.72
2010-05-03,1063557.49
2010-05-03,747444.32
2010-05-03,415202.04
2010-05-03,1971057.44
2010-05-03,1266254.21
2010-05-03,658600.05
2010-05-03,1554806.68
2010-05-03,372239.89
2010-05-11,423175.56
2010-05-11,2184316.64
2010-05-11,1203119.96
2010-05-11,1832211.96
2010-05-11,1285358.01
2010-05-11,1501663.26
2010-05-11,764014.06
2010-05-11,325310.3
2010-05-11,1505442.15
2010-05-11,972292.31
2010-05-11,270516.84
2010-05-11,1939061.41
2010-05-11,968270.66
2010-05-11,1686010.02
2010-05-11,927266.34
2010-05-11,517869.97
2010-05-11,405860.37
2010-05-11,929690.71
2010-05-11,1435379.25
2010-05-11,1006888.16
2010-05-11,612987.64
2010-05-11,843755.12
2010-05-11,970224.51
2010-05-11,1293707.19
2010-05-11,565390.4
2010-05-11,818434.49
2010-05-11,1089530.94
2010-05-11,2078417.47
2010-05-11,1324455.72
2010-05-11,1854967.66
2010-05-11,719888.76
2010-05-11,484661.87
2010-05-11,521002.97
2010-05-11,1163878.49
2010-05-11,539683.42
2010-05-11,696314.53
2010-05-11,380870.09
2010-05-11,1551659.28
2010-05-11,1332759.13
2010-05-11,1063056.21
2010-05-11,246124.61
2010-05-11,605960.2
2010-05-11,2013115.79
2010-05-11,480512.44
2010-05-11,446905.02
2010-06-08,739279.19
2010-06-08,522815.45
2010-06-08,1907638.58
2010-06-08,1144552.09
2010-06-08,639651.24
2010-06-08,402635.76
2010-06-08,1908036.68
2010-06-08,1991909.98
2010-06-08,1180183.39
2010-06-08,967576.95
2010-06-08,1969121.45
2010-06-08,1409989.67
2010-06-08,1369634.92
2010-06-08,262789.95
2010-06-08,519787.93
2010-06-08,2219813.5
2010-06-08,1338132.72
2010-06-08,441407.06
2010-06-08,579544.21
2010-06-08,1949236.09
2010-06-08,1442819.28
2010-06-08,296804.49
2010-06-08,303043.02
2010-06-08,1523101.38
2010-06-08,987435.35
2010-06-08,1166117.85
2010-06-08,698536.06
2010-06-08,1352401.08
2010-06-08,1057295.87
2010-06-08,795301.17
2010-06-08,1417013.07
2010-06-08,586936.45
2010-06-08,893399.77
2010-06-08,1633241.59
2010-06-08,467442.94
2010-06-08,1605491.78
2010-06-08,1492060.89
2010-06-08,378574.44
2010-06-08,1910177.38
2010-06-08,1010326.14
2010-06-08,508576.62
2010-06-08,643854.17
2010-06-08,746517.32
2010-06-08,1125329.77
2010-06-08,699464.43
2010-07-05,744969.42
2010-07-05,2000626.14
2010-07-05,1175738.22
2010-07-05,1043240.27
2010-07-05,568497.35
2010-07-05,1921432.16
2010-07-05,1182099.88
2010-07-05,543234.77
2010-07-05,383657.44
2010-07-05,582846.22
2010-07-05,457883.94
2010-07-05,1009797.06
2010-07-05,691498.6
2010-07-05,1532893.22
2010-07-05,2370116.52
2010-07-05,285379.86
2010-07-05,916820.96
2010-07-05,1074479.73
2010-07-05,1355704.21
2010-07-05,953495.48
2010-07-05,403217.22
2010-07-05,1365552.28
2010-07-05,2042581.71
2010-07-05,333522.6
2010-07-05,2005478.46
2010-07-05,489372.02
2010-07-05,1222255.47
2010-07-05,724468.97
2010-07-05,812190.76
2010-07-05,1603955.12
2010-07-05,1052973.28
2010-07-05,1939458.84
2010-07-05,2137202.38
2010-07-05,399323.86
2010-07-05,395453.83
2010-07-05,1312329.78
2010-07-05,1619920.04
2010-07-05,843848.65
2010-07-05,1409705.03
2010-07-05,1566219.77
2010-07-05,326870.13
2010-07-05,1133657.58
2010-07-05,661348.88
2010-07-05,526128.61
2010-07-05,1381796.8
2010-08-10,351271.36
2010-08-10,1015051.62
2010-08-10,713332.54
2010-08-10,2060389.27
2010-08-10,480239.88
2010-08-10,2091663.2
2010-08-10,1871924.07
2010-08-10,442894.2
2010-08-10,524483.65
2010-08-10,1293472.8
2010-08-10,530059.06
2010-08-10,680579.49
2010-08-10,1951494.85
2010-08-10,1162042.24
2010-08-10,1107432.71
2010-08-10,266484.19
2010-08-10,1508239.93
2010-08-10,395107.35
2010-08-10,1772192.42
2010-08-10,1361944.94
2010-08-10,1334571.87
2010-08-10,1085483.44
2010-08-10,972405.38
2010-08-10,1849921.44
2010-08-10,599759.45
2010-08-10,1428960.72
2010-08-10,1001069.52
2010-08-10,591603.79
2010-08-10,505069.21
2010-08-10,1360317.9
2010-08-10,279524.44
2010-08-10,745782.1
2010-08-10,931710.67
2010-08-10,870349.86
2010-08-10,874615.32
2010-08-10,444351.61
2010-08-10,290494.85
2010-08-10,827738.06
2010-08-10,1707662.87
2010-08-10,1286598.59
2010-08-10,1300131.68
2010-08-10,1179851.68
2010-08-10,674283.86
2010-08-10,462080.47
2010-08-10,918335.68
2010-09-04,529384.31
2010-09-04,1545418.53
2010-09-04,1489613.32
2010-09-04,484263.25
2010-09-04,1395710.09
2010-09-04,634605.77
2010-09-04,1954689.21
2010-09-04,1379579.63
2010-09-04,1470308.32
2010-09-04,1174447.55
2010-09-04,1667181.82
2010-09-04,415870.28
2010-09-04,341630.46
2010-09-04,1955814.13
2010-09-04,1033171.07
2010-09-04,712647.97
2010-09-04,833782.7
2010-09-04,770228.02
2010-09-04,1095889.22
2010-09-04,424083.99
2010-09-04,919839.19
2010-09-04,2041069.37
2010-09-04,328020.49
2010-09-04,1022293.81
2010-09-04,950684.2
2010-09-04,2007796.26
2010-09-04,916033.92
2010-09-04,1327035.27
2010-09-04,693058.34
2010-09-04,257361.3
2010-09-04,2258781.28
2010-09-04,325201.05
2010-09-04,751181.4
2010-09-04,513327.55
2010-09-04,582552.26
2010-09-04,1082158.21
2010-09-04,453016.91
2010-09-04,1818452.72
2010-09-04,1264434.7
2010-09-04,569937.23
2010-09-04,1898321.33
2010-09-04,454800.96
2010-09-04,1382359.21
2010-09-04,1198014.97
2010-09-04,1041238.87
2010-09-07,343850.34
2010-09-07,943506.28
2010-09-07,1870843.9
2010-09-07,1077253.67
2010-09-07,1812208.22
2010-09-07,593462.34
2010-09-07,719591.13
2010-09-07,714677.47
2010-09-07,436293.4
2010-09-07,570069.48
2010-09-07,1330473.47
2010-09-07,291808.87
2010-09-07,1546074.18
2010-09-07,911210.81
2010-09-07,1340293.87
2010-09-07,845289.77
2010-09-07,1417535.78
2010-09-07,1122356.53
2010-09-07,1058250.91
2010-09-07,1268766.76
2010-09-07,1880902.62
2010-09-07,1690317.99
2010-09-07,485389.15
2010-09-07,691497.62
2010-09-07,787062.0
2010-09-07,471713.59
2010-09-07,2119163.01
2010-09-07,2107285.85
2010-09-07,836915.92
2010-09-07,280472.78
2010-09-07,1769793.37
2010-09-07,1315118.4
2010-09-07,1176079.59
2010-09-07,2236209.13
2010-09-07,1092654.26
2010-09-07,718748.33
2010-09-07,563449.43
2010-09-07,302423.93
2010-09-07,1665502.55
2010-09-07,502456.04
2010-09-07,1171391.41
2010-09-07,1280156.47
2010-09-07,349214.18
2010-09-07,614253.33
2010-09-07,1577541.24
2010-10-09,1507460.69
2010-10-09,655811.95
2010-10-09,1200888.28
2010-10-09,352260.97
2010-10-09,1042226.3
2010-10-09,641965.2
2010-10-09,2191767.76
2010-10-09,722120.04
2010-10-09,1913494.81
2010-10-09,1839128.83
2010-10-09,721460.22
2010-10-09,283455.13
2010-10-09,1246062.17
2010-10-09,537518.57
2010-10-09,2014954.79
2010-10-09,455162.92
2010-10-09,1474498.59
2010-10-09,491290.37
2010-10-09,1772143.94
2010-10-09,961685.98
2010-10-09,1011201.12
2010-10-09,967310.82
2010-10-09,1424225.44
2010-10-09,1308179.02
2010-10-09,831425.2
2010-10-09,272834.88
2010-10-09,510296.07
2010-10-09,1231428.46
2010-10-09,484835.2
2010-10-09,434471.38
2010-10-09,674055.81
2010-10-09,1172672.27
2010-10-09,932240.96
2010-10-09,1272842.85
2010-10-09,336227.69
2010-10-09,535769.32
2010-10-09,1865820.81
2010-10-09,1028635.39
2010-10-09,1720530.23
2010-10-09,589091.04
2010-10-09,903119.03
2010-10-09,1591453.39
2010-10-09,1279666.47
2010-10-09,306533.08
2010-10-09,924174.4
2010-10-12,847294.04
2010-10-12,1086661.02
2010-10-12,1630564.48
2010-10-12,1108580.19
2010-10-12,2461468.35
2010-10-12,278253.28
2010-10-12,1434908.13
2010-10-12,1799070.98
2010-10-12,618121.82
2010-10-12,943891.64
2010-10-12,1367202.84
2010-10-12,2139733.68
2010-10-12,962475.55
2010-10-12,2378726.55
2010-10-12,1593012.75
2010-10-12,352811.53
2010-10-12,598679.02
2010-10-12,253050.1
2010-10-12,1466164.49
2010-10-12,2600519.26
2010-10-12,1111215.72
2010-10-12,1416168.98
2010-10-12,713834.74
2010-10-12,2411790.21
2010-10-12,2302504.86
2010-10-12,1377322.73
2010-10-12,570103.64
2010-10-12,2752122.08
2010-10-12,1564516.43
2010-10-12,355965.23
2010-10-12,1475685.1
2010-10-12,511207.52
2010-10-12,1872365.99
2010-10-12,1002364.34
2010-10-12,964729.18
2010-10-12,404545.03
2010-10-12,1682614.26
2010-10-12,428631.91
2010-10-12,1121934.15
2010-10-12,467642.03
2010-10-12,599730.07
2010-10-12,1069061.63
2010-10-12,585175.24
2010-10-12,1834737.58
2010-10-12,1149612.04
2010-11-06,296641.91
2010-11-06,1061196.47
2010-11-06,498580.87
2010-11-06,737163.2
2010-11-06,1348995.17
2010-11-06,354828.65
2010-11-06,954681.56
2010-11-06,1827521.71
2010-11-06,296818.2
2010-11-06,1542561.09
2010-11-06,1410683.94
2010-11-06,481915.11
2010-11-06,467711.18
2010-11-06,2100489.79
2010-11-06,845252.21
2010-11-06,794698.77
2010-11-06,1873812.93
2010-11-06,1685652.35
2010-11-06,1073862.59
2010-11-06,914835.86
2010-11-06,619337.29
2010-11-06,522715.68
2010-11-06,1371405.33
2010-11-06,2025538.76
2010-11-06,1007574.67
2010-11-06,1160412.71
2010-11-06,535587.31
2010-11-06,1439432.06
2010-11-06,2249570.04
2010-11-06,1377092.33
2010-11-06,1173521.82
2010-11-06,1192074.09
2010-11-06,2037880.96
2010-11-06,445530.16
2010-11-06,540716.58
2010-11-06,355017.09
2010-11-06,684023.95
2010-11-06,1339570.85
2010-11-06,310800.79
2010-11-06,1217199.39
2010-11-06,784305.55
2010-11-06,1375458.21
2010-11-06,607218.6
2010-11-06,1016039.71
2010-11-06,1870619.23
2010-12-02,552677.48
2010-12-02,955338.29
2010-12-02,497374.57
2010-12-02,1380892.08
2010-12-02,420728.96
2010-12-02,1745362.72
2010-12-02,469563.7
2010-12-02,1606283.86
2010-12-02,682447.1
2010-12-02,2137809.5
2010-12-02,656988.64
2010-12-02,1574684.08
2010-12-02,1641957.44
2010-12-02,1543947.23
2010-12-02,583364.02
2010-12-02,342214.9
2010-12-02,1536549.95
2010-12-02,841951.91
2010-12-02,1117863.33
2010-12-02,1414107.1
2010-12-02,682918.99
2010-12-02,1015684.09
2010-12-02,575709.96
2010-12-02,1266229.07
2010-12-02,529852.7
2010-12-02,2188307.39
2010-12-02,1187880.7
2010-12-02,994801.4
2010-12-02,472044.28
2010-12-02,2030933.46
2010-12-02,1123566.12
2010-12-02,524104.92
2010-12-02,994610.99
2010-12-02,1558968.49
2010-12-02,1075656.34
2010-12-02,2176028.52
2010-12-02,294882.83
2010-12-02,529672.95
2010-12-02,1022571.25
2010-12-02,311825.7
2010-12-02,2109107.9
2010-12-02,809321.44
2010-12-02,1168815.31
2010-12-02,286857.13
2010-12-02,1704218.84
2010-12-03,1150344.39
2010-12-03,921247.88
2010-12-03,445393.74
2010-12-03,712312.89
2010-12-03,860336.16
2010-12-03,1840686.94
2010-12-03,1093319.37
2010-12-03,1138800.32
2010-12-03,1894324.09
2010-12-03,1244391.83
2010-12-03,588363.62
2010-12-03,1941346.13
2010-12-03,645386.94
2010-12-03,1558621.36
2010-12-03,963382.09
2010-12-03,297293.59
2010-12-03,763961.82
2010-12-03,1467889.2
2010-12-03,985594.23
2010-12-03,2156035.06
2010-12-03,967187.37
2010-12-03,1439541.59
2010-12-03,1366193.35
2010-12-03,480452.1
2010-12-03,342023.92
2010-12-03,513015.35
2010-12-03,519042.49
2010-12-03,2010974.84
2010-12-03,1309340.16
2010-12-03,1990483.78
2010-12-03,272190.83
2010-12-03,468189.93
2010-12-03,494145.8
2010-12-03,1925113.12
2010-12-03,312161.0
2010-12-03,1023997.71
2010-12-03,1326877.11
2010-12-03,899352.4
2010-12-03,1408082.96
2010-12-03,1331883.16
2010-12-03,384200.69
2010-12-03,604173.59
2010-12-03,441434.2
2010-12-03,660619.99
2010-12-03,765687.42
2010-12-11,735796.38
2010-12-11,855459.96
2010-12-11,517546.69
2010-12-11,1081322.12
2010-12-11,1490235.86
2010-12-11,1494479.49
2010-12-11,1141019.11
2010-12-11,1387953.75
2010-12-11,619639.74
2010-12-11,713250.08
2010-12-11,2092189.06
2010-12-11,1895901.59
2010-12-11,507584.29
2010-12-11,520846.68
2010-12-11,942475.24
2010-12-11,524450.7
2010-12-11,1828010.25
2010-12-11,1175326.23
2010-12-11,340147.2
2010-12-11,281909.79
2010-12-11,453632.76
2010-12-11,1352780.76
2010-12-11,595421.23
2010-12-11,588592.61
2010-12-11,971193.01
2010-12-11,1043698.64
2010-12-11,979730.78
2010-12-11,425804.8
2010-12-11,1281675.6
2010-12-11,911538.98
2010-12-11,935481.32
2010-12-11,386635.03
2010-12-11,1939964.63
2010-12-11,431266.64
2010-12-11,272803.94
2010-12-11,1495536.46
2010-12-11,765648.93
2010-12-11,1916812.74
2010-12-11,1291398.71
2010-12-11,870914.69
2010-12-11,2187765.28
2010-12-11,1266460.45
2010-12-11,1999794.26
2010-12-11,1312877.01
2010-12-11,301827.36
2011-01-04,951588.37
2011-01-04,732056.37
2011-01-04,1305950.22
2011-01-04,1182694.95
2011-01-04,795859.23
2011-01-04,938083.17
2011-01-04,1163803.3
2011-01-04,1927993.09
2011-01-04,1051121.02
2011-01-04,1316849.36
2011-01-04,1900246.47
2011-01-04,513409.67
2011-01-04,1864238.64
2011-01-04,1005463.49
2011-01-04,534578.78
2011-01-04,1258674.12
2011-01-04,1628868.28
2011-01-04,382098.13
2011-01-04,1336838.41
2011-01-04,611585.54
2011-01-04,508432.17
2011-01-04,374556.08
2011-01-04,314316.55
2011-01-04,841889.08
2011-01-04,475615.26
2011-01-04,1869110.55
2011-01-04,1344890.73
2011-01-04,542556.05
2011-01-04,1800171.36
2011-01-04,878762.3
2011-01-04,884233.67
2011-01-04,618377.79
2011-01-04,712425.76
2011-01-04,1827733.18
2011-01-04,1459276.77
2011-01-04,762620.94
2011-01-04,1495064.75
2011-01-04,849231.61
2011-01-04,385672.11
2011-01-04,1179125.48
2011-01-04,232769.09
2011-01-04,437926.79
2011-01-04,281514.26
2011-01-04,459756.11
2011-01-04,520962.14
2011-01-07,961993.34
2011-01-07,1087051.26
2011-01-07,567114.6
2011-01-07,1048866.3
2011-01-07,327093.89
2011-01-07,1297472.06
2011-01-07,784639.12
2011-01-07,537064.03
2011-01-07,1199845.29
2011-01-07,1429829.36
2011-01-07,1751369.75
2011-01-07,1694551.15
2011-01-07,226702.36
2011-01-07,517021.3
2011-01-07,387334.04
2011-01-07,1371889.27
2011-01-07,1462731.93
2011-01-07,911106.22
2011-01-07,1492507.44
2011-01-07,706206.86
2011-01-07,1488538.09
2011-01-07,1077491.68
2011-01-07,1070119.09
2011-01-07,315273.08
2011-01-07,674669.16
2011-01-07,1866243.0
2011-01-07,1949983.93
2011-01-07,354270.77
2011-01-07,428782.38
2011-01-07,2053165.41
2011-01-07,608737.56
2011-01-07,791495.25
2011-01-07,2074668.19
2011-01-07,1319054.57
2011-01-07,940554.34
2011-01-07,368962.72
2011-01-07,704344.21
2011-01-07,506343.83
2011-01-07,874453.88
2011-01-07,2048035.74
2011-01-07,1333347.78
2011-01-07,2051533.53
2011-01-07,883683.35
2011-01-07,586781.78
2011-01-07,1445596.61
2011-02-09,350276.29
2011-02-09,592355.24
2011-02-09,530367.83
2011-02-09,580805.33
2011-02-09,2078420.31
2011-02-09,416953.51
2011-02-09,726482.39
2011-02-09,1550229.22
2011-02-09,309543.52
2011-02-09,1809119.7
2011-02-09,594224.9
2011-02-09,2141765.98
2011-02-09,1481618.74
2011-02-09,537124.76
2011-02-09,1283849.38
2011-02-09,1609951.02
2011-02-09,705557.8
2011-02-09,957298.26
2011-02-09,315645.53
2011-02-09,1465089.85
2011-02-09,375988.69
2011-02-09,891387.14
2011-02-09,912762.76
2011-02-09,1464295.69
2011-02-09,847380.07
2011-02-09,1468871.49
2011-02-09,1758587.35
2011-02-09,1750891.47
2011-02-09,369722.32
2011-02-09,239198.36
2011-02-09,1297792.41
2011-02-09,1511717.53
2011-02-09,649159.68
2011-02-09,1953628.82
2011-02-09,544643.33
2011-02-09,926455.64
2011-02-09,1040143.14
2011-02-09,540922.94
2011-02-09,813486.55
2011-02-09,497085.91
2011-02-09,1052051.45
2011-02-09,699779.0
2011-02-09,1196105.44
2011-02-09,1385769.03
2011-02-09,1152117.5
2011-02-12,1484708.38
2011-02-12,945267.68
2011-02-12,1292436.23
2011-02-12,472511.32
2011-02-12,579874.22
2011-02-12,1071383.1
2011-02-12,1552886.59
2011-02-12,2298776.83
2011-02-12,511883.36
2011-02-12,1368130.35
2011-02-12,2143080.57
2011-02-12,1806924.74
2011-02-12,585028.26
2011-02-12,1954952.0
2011-02-12,1012498.49
2011-02-12,699028.66
2011-02-12,284309.34
2011-02-12,1584083.95
2011-02-12,878314.57
2011-02-12,1335647.1
2011-02-12,875699.81
2011-02-12,2051315.66
2011-02-12,986601.46
2011-02-12,903606.03
2011-02-12,220060.35
2011-02-12,1188047.61
2011-02-12,530492.84
2011-02-12,1167621.14
2011-02-12,293350.51
2011-02-12,591907.88
2011-02-12,988742.08
2011-02-12,527117.81
2011-02-12,1688531.34
2011-02-12,613115.21
2011-02-12,2180999.26
2011-02-12,411252.02
2011-02-12,1179773.88
2011-02-12,1632894.58
2011-02-12,2068097.18
2011-02-12,412385.75
2011-02-12,793184.25
2011-02-12,1399322.44
2011-02-12,1059676.62
2011-02-12,1388809.43
2011-02-12,376225.61
2011-03-06,1167757.0
2011-03-06,1125169.92
2011-03-06,432808.48
2011-03-06,373703.95
2011-03-06,877423.45
2011-03-06,737551.74
2011-03-06,1054454.4
2011-03-06,1297584.95
2011-03-06,955466.84
2011-03-06,500381.23
2011-03-06,1430348.1
2011-03-06,1075687.74
2011-03-06,2053708.01
2011-03-06,947229.24
2011-03-06,396826.06
2011-03-06,1554837.62
2011-03-06,598251.57
2011-03-06,545109.3
2011-03-06,243477.03
2011-03-06,630972.15
2011-03-06,1403779.25
2011-03-06,2182246.69
2011-03-06,1541745.59
2011-03-06,308950.04
2011-03-06,773878.58
2011-03-06,1562161.97
2011-03-06,329183.92
2011-03-06,2065377.15
2011-03-06,1178039.0
2011-03-06,587004.29
2011-03-06,2079899.47
2011-03-06,1635078.41
2011-03-06,542295.37
2011-03-06,1933756.21
2011-03-06,929222.16
2011-03-06,1792210.89
2011-03-06,695396.19
2011-03-06,970328.68
2011-03-06,394507.84
2011-03-06,531080.31
2011-03-06,895020.48
2011-03-06,1457345.75
2011-03-06,1935593.87
2011-03-06,1343637.0
2011-03-06,1705506.29
2011-04-02,944594.78
2011-04-02,1343773.94
2011-04-02,293953.08
2011-04-02,639830.45
2011-04-02,1995891.87
2011-04-02,1929346.23
2011-04-02,417521.7
2011-04-02,1514999.17
2011-04-02,904261.65
2011-04-02,586886.16
2011-04-02,1159438.53
2011-04-02,583835.18
2011-04-02,1055841.24
2011-04-02,329613.2
2011-04-02,596218.24
2011-04-02,558027.77
2011-04-02,402341.76
2011-04-02,1225182.04
2011-04-02,816603.05
2011-04-02,1564897.32
2011-04-02,1443206.46
2011-04-02,234218.03
2011-04-02,1046068.17
2011-04-02,2351143.07
2011-04-02,946060.98
2011-04-02,1422546.05
2011-04-02,1370562.11
2011-04-02,1070457.8
2011-04-02,1628100.79
2011-04-02,556550.85
2011-04-02,2119086.04
2011-04-02,1606629.58
2011-04-02,651521.77
2011-04-02,1848186.58
2011-04-02,1968045.91
2011-04-02,490970.95
2011-04-02,971932.87
2011-04-02,747577.05
2011-04-02,504126.89
2011-04-02,544612.28
2011-04-02,438516.53
2011-04-02,479263.15
2011-04-02,1179420.5
2011-04-02,911807.02
2011-04-02,759442.33
2011-04-03,1063310.62
2011-04-03,1229257.7
2011-04-03,977070.62
2011-04-03,997353.15
2011-04-03,329033.66
2011-04-03,2103455.75
2011-04-03,1301185.28
2011-04-03,1894960.68
2011-04-03,443334.71
2011-04-03,1723736.91
2011-04-03,1502617.99
2011-04-03,1085248.21
2011-04-03,1399456.99
2011-04-03,1656130.67
2011-04-03,1106847.62
2011-04-03,573374.49
2011-04-03,245435.8
2011-04-03,1958003.19
2011-04-03,963910.81
2011-04-03,945643.17
2011-04-03,542016.18
2011-04-03,1316385.43
2011-04-03,484829.07
2011-04-03,2041215.61
2011-04-03,935266.43
2011-04-03,640912.18
2011-04-03,402579.84
2011-04-03,527572.25
2011-04-03,551378.39
2011-04-03,405429.43
2011-04-03,1346994.53
2011-04-03,816138.33
2011-04-03,1412721.18
2011-04-03,850448.54
2011-04-03,570879.04
2011-04-03,2143424.61
2011-04-03,1981607.78
2011-04-03,616345.25
2011-04-03,1636263.41
2011-04-03,536031.67
2011-04-03,293984.54
2011-04-03,761880.36
2011-04-03,1433569.44
2011-04-03,796277.72
2011-04-03,437084.51
2011-04-11,927657.63
2011-04-11,992621.93
2011-04-11,1697229.58
2011-04-11,307126.34
2011-04-11,353652.23
2011-04-11,2281217.31
2011-04-11,432359.04
2011-04-11,1428436.33
2011-04-11,1011321.18
2011-04-11,1576654.67
2011-04-11,1553629.59
2011-04-11,947815.05
2011-04-11,767358.37
2011-04-11,718393.61
2011-04-11,1959707.9
2011-04-11,511059.95
2011-04-11,1051944.79
2011-04-11,436970.1
2011-04-11,313387.11
2011-04-11,1480289.64
2011-04-11,2036317.54
2011-04-11,555925.6
2011-04-11,1385860.38
2011-04-11,641905.37
2011-04-11,1523420.38
2011-04-11,564536.01
2011-04-11,653468.75
2011-04-11,597855.07
2011-04-11,620735.72
2011-04-11,2284106.6
2011-04-11,459443.22
2011-04-11,1904438.59
2011-04-11,1315684.86
2011-04-11,833429.22
2011-04-11,597667.21
2011-04-11,1621109.3
2011-04-11,1100625.06
2011-04-11,1204628.28
2011-04-11,236157.12
2011-04-11,1106575.59
2011-04-11,988950.75
2011-04-11,1426405.46
2011-04-11,615121.78
2011-04-11,2174056.71
2011-04-11,1458287.38
2011-05-08,1201694.14
2011-05-08,1428993.33
2011-05-08,1417616.81
2011-05-08,1518790.89
2011-05-08,2189353.63
2011-05-08,866184.92
2011-05-08,1403198.94
2011-05-08,437631.44
2011-05-08,1747289.53
2011-05-08,783614.89
2011-05-08,1876704.26
2011-05-08,1601584.57
2011-05-08,409981.25
2011-05-08,1408968.55
2011-05-08,2066020.69
2011-05-08,554879.67
2011-05-08,1624383.75
2011-05-08,1107552.43
2011-05-08,826820.71
2011-05-08,242456.39
2011-05-08,765996.92
2011-05-08,1886299.98
2011-05-08,510787.46
2011-05-08,892393.77
2011-05-08,298080.45
2011-05-08,679706.01
2011-05-08,592981.33
2011-05-08,607961.21
2011-05-08,381017.75
2011-05-08,942236.45
2011-05-08,2076231.8
2011-05-08,695392.84
2011-05-08,988712.52
2011-05-08,1523870.89
2011-05-08,572603.33
2011-05-08,431798.64
2011-05-08,983232.96
2011-05-08,1402233.69
2011-05-08,503486.37
2011-05-08,605956.59
2011-05-08,1416344.68
2011-05-08,1063818.2
2011-05-08,317738.56
2011-05-08,2160057.39
2011-05-08,1002806.39
2011-06-05,941457.34
2011-06-05,1339630.35
2011-06-05,630522.67
2011-06-05,1032076.06
2011-06-05,835181.18
2011-06-05,257031.19
2011-06-05,438789.52
2011-06-05,1841369.99
2011-06-05,547513.3
2011-06-05,407012.47
2011-06-05,810150.64
2011-06-05,545251.1
2011-06-05,1016752.55
2011-06-05,1837743.6
2011-06-05,413042.12
2011-06-05,393401.4
2011-06-05,322904.68
2011-06-05,1244956.91
2011-06-05,1024778.23
2011-06-05,423805.22
2011-06-05,649148.74
2011-06-05,1065427.37
2011-06-05,1629391.28
2011-06-05,299354.67
2011-06-05,965853.58
2011-06-05,659446.55
2011-06-05,2063682.76
2011-06-05,1021154.48
2011-06-05,2095599.93
2011-06-05,718898.33
2011-06-05,1986380.4
2011-06-05,1331453.41
2011-06-05,1359921.13
2011-06-05,1757041.96
2011-06-05,2090838.44
2011-06-05,1504651.57
2011-06-05,1515890.38
2011-06-05,1451953.95
2011-06-05,612337.35
2011-06-05,1370920.87
2011-06-05,882132.28
2011-06-05,1388755.61
2011-06-05,534372.53
2011-06-05,422186.65
2011-06-05,1181793.55
2011-07-01,573545.96
2011-07-01,451077.21
2011-07-01,1714309.9
2011-07-01,611796.61
2011-07-01,1311986.87
2011-07-01,900646.94
2011-07-01,384659.85
2011-07-01,649289.75
2011-07-01,680254.35
2011-07-01,1758050.79
2011-07-01,873065.23
2011-07-01,490981.78
2011-07-01,288320.38
2011-07-01,938149.21
2011-07-01,455952.18
2011-07-01,1843030.95
2011-07-01,1350441.68
2011-07-01,1224475.12
2011-07-01,1153596.53
2011-07-01,910110.24
2011-07-01,378241.34
2011-07-01,558794.63
2011-07-01,873954.7
2011-07-01,1402902.47
2011-07-01,243948.82
2011-07-01,1178641.71
2011-07-01,509640.77
2011-07-01,1083071.14
2011-07-01,1862476.27
2011-07-01,1224175.99
2011-07-01,386344.54
2011-07-01,1864746.1
2011-07-01,1122034.48
2011-07-01,661163.94
2011-07-01,933960.3
2011-07-01,286347.26
2011-07-01,1568159.48
2011-07-01,894280.19
2011-07-01,629152.06
2011-07-01,1444732.28
2011-07-01,1744544.39
2011-07-01,1046416.17
2011-07-01,1178905.44
2011-07-01,592947.75
2011-07-01,542464.02
2011-07-10,403342.4
2011-07-10,1149448.02
2011-07-10,1130022.99
2011-07-10,312577.36
2011-07-10,2078796.76
2011-07-10,1427383.24
2011-07-10,579068.88
2011-07-10,993436.67
2011-07-10,2135982.79
2011-07-10,1630989.95
2011-07-10,1672339.27
2011-07-10,1788227.6
2011-07-10,262159.13
2011-07-10,2067232.56
2011-07-10,1277882.77
2011-07-10,954069.45
2011-07-10,553836.98
2011-07-10,753447.05
2011-07-10,649111.23
2011-07-10,1346271.06
2011-07-10,514993.0
2011-07-10,1019741.1
2011-07-10,1463501.99
2011-07-10,791637.53
2011-07-10,1837553.43
2011-07-10,1405914.39
2011-07-10,951244.66
2011-07-10,918006.9
2011-07-10,2166737.65
2011-07-10,642828.62
2011-07-10,522816.85
2011-07-10,449516.29
2011-07-10,1461718.87
2011-07-10,525866.36
2011-07-10,346137.87
2011-07-10,482926.93
2011-07-10,663452.46
2011-07-10,309111.47
2011-07-10,1481739.2
2011-07-10,1557314.58
2011-07-10,671522.87
2011-07-10,417528.26
2011-07-10,1443884.39
2011-07-10,929976.55
2011-07-10,1070389.98
2011-08-04,505304.33
2011-08-04,543703.16
2011-08-04,500552.16
2011-08-04,1870720.73
2011-08-04,271924.73
2011-08-04,439276.5
2011-08-04,1416790.17
2011-08-04,1689844.18
2011-08-04,1887465.04
2011-08-04,813352.41
2011-08-04,1414713.5
2011-08-04,1248901.98
2011-08-04,969046.69
2011-08-04,587370.81
2011-08-04,2037798.88
2011-08-04,1419911.91
2011-08-04,307333.62
2011-08-04,811855.72
2011-08-04,1273670.32
2011-08-04,1102975.59
2011-08-04,744782.89
2011-08-04,1327401.06
2011-08-04,947753.32
2011-08-04,443889.5
2011-08-04,750182.71
2011-08-04,1018541.3
2011-08-04,975479.83
2011-08-04,2074953.46
2011-08-04,1614259.35
2011-08-04,561625.92
2011-08-04,1206252.12
2011-08-04,985229.81
2011-08-04,648606.13
2011-08-04,292498.61
2011-08-04,1847552.61
2011-08-04,1534594.0
2011-08-04,2027056.39
2011-08-04,384075.31
2011-08-04,650418.75
2011-08-04,998362.05
2011-08-04,392152.3
2011-08-04,949825.83
2011-08-04,1350646.16
2011-08-04,428727.61
2011-08-04,620087.35
2011-08-07,915064.22
2011-08-07,1414564.53
2011-08-07,2000055.27
2011-08-07,399699.17
2011-08-07,593234.27
2011-08-07,1334627.96
2011-08-07,419764.37
2011-08-07,1709373.62
2011-08-07,1423144.47
2011-08-07,1379488.05
2011-08-07,1459655.85
2011-08-07,310804.93
2011-08-07,2123787.79
2011-08-07,734099.4
2011-08-07,827717.85
2011-08-07,1465489.75
2011-08-07,1048802.62
2011-08-07,861965.12
2011-08-07,2066541.86
2011-08-07,2021699.38
2011-08-07,535983.13
2011-08-07,698529.64
2011-08-07,1534849.64
2011-08-07,295339.01
2011-08-07,2063401.06
2011-08-07,926934.57
2011-08-07,634634.66
2011-08-07,1107366.06
2011-08-07,377464.62
2011-08-07,1133807.03
2011-08-07,1110244.52
2011-08-07,651147.83
2011-08-07,1699708.38
2011-08-07,1567340.07
2011-08-07,547586.07
2011-08-07,395146.24
2011-08-07,635118.48
2011-08-07,943717.38
2011-08-07,1853161.99
2011-08-07,768718.11
2011-08-07,489059.93
2011-08-07,262717.71
2011-08-07,761793.94
2011-08-07,1338862.58
2011-08-07,1017050.65
2011-09-09,922850.57
2011-09-09,2202742.9
2011-09-09,1310087.0
2011-09-09,505406.72
2011-09-09,1872921.31
2011-09-09,370897.82
2011-09-09,506273.74
2011-09-09,1429345.86
2011-09-09,1004434.54
2011-09-09,1748000.65
2011-09-09,653989.65
2011-09-09,613135.23
2011-09-09,1527455.19
2011-09-09,1483574.38
2011-09-09,1161900.18
2011-09-09,397771.68
2011-09-09,649128.23
2011-09-09,1376670.27
2011-09-09,608390.94
2011-09-09,1423289.9
2011-09-09,321110.22
2011-09-09,1021391.99
2011-09-09,951549.61
2011-09-09,377347.49
2011-09-09,2093139.01
2011-09-09,574622.56
2011-09-09,673248.48
2011-09-09,352960.64
2011-09-09,1566712.79
2011-09-09,1249439.95
2011-09-09,1911470.84
2011-09-09,1128237.3
2011-09-09,746129.56
2011-09-09,607593.51
2011-09-09,1670579.82
2011-09-09,848358.09
2011-09-09,2050542.56
2011-09-09,1069710.97
2011-09-09,281842.28
2011-09-09,528784.86
2011-09-09,930506.14
2011-09-09,922440.64
2011-09-09,295811.25
2011-09-09,1540471.24
2011-09-09,1280958.97
2011-09-12,1799682.38
2011-09-12,617898.07
2011-09-12,619133.48
2011-09-12,2290549.32
2011-09-12,304300.91
2011-09-12,468772.8
2011-09-12,633240.53
2011-09-12,957155.31
2011-09-12,1556798.94
2011-09-12,2508955.24
2011-09-12,1646655.94
2011-09-12,1415746.91
2011-09-12,270373.05
2011-09-12,436741.02
2011-09-12,630327.28
2011-09-12,1084243.91
2011-09-12,948964.99
2011-09-12,1051922.95
2011-09-12,312298.37
2011-09-12,653845.45
2011-09-12,537224.52
2011-09-12,1903385.14
2011-09-12,435401.64
2011-09-12,1781528.77
2011-09-12,367433.77
2011-09-12,1189646.45
2011-09-12,1158708.98
2011-09-12,1548661.45
2011-09-12,2462779.06
2011-09-12,2429310.9
2011-09-12,897747.13
2011-09-12,1368471.23
2011-09-12,2546123.78
2011-09-12,1308967.44
2011-09-12,2014665.98
2011-09-12,1467024.3
2011-09-12,1148987.46
2011-09-12,1841173.6
2011-09-12,764565.55
2011-09-12,976522.93
2011-09-12,916446.02
2011-09-12,574798.86
2011-09-12,2470581.29
2011-09-12,1529615.54
2011-09-12,1713769.06
2011-10-06,1447028.06
2011-10-06,621099.95
2011-10-06,304984.14
2011-10-06,374182.04
2011-10-06,1740063.1
2011-10-06,642679.81
2011-10-06,984336.04
2011-10-06,1044079.2
2011-10-06,643041.71
2011-10-06,1588948.32
2011-10-06,1239741.34
2011-10-06,996937.95
2011-10-06,258427.39
2011-10-06,1817914.71
2011-10-06,1314626.75
2011-10-06,424697.05
2011-10-06,2073951.38
2011-10-06,1339972.83
2011-10-06,1425299.37
2011-10-06,1311690.11
2011-10-06,814395.17
2011-10-06,2132446.0
2011-10-06,1060868.49
2011-10-06,391638.75
2011-10-06,509647.25
2011-10-06,2135062.04
2011-10-06,1094058.68
2011-10-06,1929153.16
2011-10-06,1467473.63
2011-10-06,855130.21
2011-10-06,558431.44
2011-10-06,1373841.91
2011-10-06,881190.46
2011-10-06,1598643.65
2011-10-06,308770.42
2011-10-06,381763.02
2011-10-06,897309.41
2011-10-06,943912.77
2011-10-06,616701.99
2011-10-06,550076.32
2011-10-06,1997816.98
2011-10-06,794397.89
2011-10-06,1442092.08
2011-10-06,740259.63
2011-10-06,600952.06
2011-11-02,635650.98
2011-11-02,766456.0
2011-11-02,522514.32
2011-11-02,1010711.08
2011-11-02,1539230.32
2011-11-02,559903.13
2011-11-02,615666.78
2011-11-02,2187847.29
2011-11-02,377672.46
2011-11-02,1649614.93
2011-11-02,1086421.57
2011-11-02,401501.2
2011-11-02,1150003.36
2011-11-02,996147.39
2011-11-02,1636224.77
2011-11-02,1419236.9
2011-11-02,1015654.6
2011-11-02,771908.51
2011-11-02,1227893.89
2011-11-02,1486920.17
2011-11-02,2115408.31
2011-11-02,466806.89
2011-11-02,555279.02
2011-11-02,1249786.4
2011-11-02,311590.54
2011-11-02,859258.17
2011-11-02,2211388.14
2011-11-02,931939.52
2011-11-02,1122053.58
2011-11-02,2168041.61
2011-11-02,582864.35
2011-11-02,1124357.2
2011-11-02,813211.46
2011-11-02,1341240.62
2011-11-02,307486.73
2011-11-02,276198.74
2011-11-02,1980405.03
2011-11-02,430526.21
2011-11-02,1430851.11
2011-11-02,1009206.33
2011-11-02,470921.24
2011-11-02,1397301.38
2011-11-02,550387.78
2011-11-02,1944438.9
2011-11-02,628063.88
2011-11-03,1253218.7
2011-11-03,1405572.93
2011-11-03,779602.36
2011-11-03,1380836.35
2011-11-03,2039818.41
2011-11-03,714014.73
2011-11-03,270921.44
2011-11-03,1852432.58
2011-11-03,607294.56
2011-11-03,1933469.15
2011-11-03,1159089.6
2011-11-03,946614.55
2011-11-03,943951.67
2011-11-03,629026.75
2011-11-03,830601.39
2011-11-03,1042043.55
2011-11-03,457504.35
2011-11-03,517783.5
2011-11-03,1494497.39
2011-11-03,1283716.81
2011-11-03,1553191.63
2011-11-03,293098.1
2011-11-03,1613259.77
2011-11-03,284496.14
2011-11-03,558963.83
2011-11-03,438529.81
2011-11-03,505610.4
2011-11-03,1314557.31
2011-11-03,1101458.21
2011-11-03,1879107.31
2011-11-03,944587.23
2011-11-03,1990932.77
2011-11-03,763479.9
2011-11-03,357897.18
2011-11-03,1002714.25
2011-11-03,537035.28
2011-11-03,900387.29
2011-11-03,997672.62
2011-11-03,407506.78
2011-11-03,493430.45
2011-11-03,1351450.43
2011-11-03,599828.39
2011-11-03,1931104.67
2011-11-03,860255.58
2011-11-03,404753.3
2011-11-11,1077640.13
2011-11-11,271961.04
2011-11-11,2076570.84
2011-11-11,1037687.07
2011-11-11,407764.25
2011-11-11,1182733.0
2011-11-11,1594938.89
2011-11-11,1436940.78
2011-11-11,1456957.38
2011-11-11,618949.82
2011-11-11,501268.78
2011-11-11,2111592.09
2011-11-11,1502078.93
2011-11-11,556015.59
2011-11-11,1425078.59
2011-11-11,1920725.15
2011-11-11,328498.92
2011-11-11,757369.87
2011-11-11,1536176.54
2011-11-11,513181.31
2011-11-11,643125.29
2011-11-11,719235.07
2011-11-11,531600.62
2011-11-11,914759.2
2011-11-11,411116.95
2011-11-11,312233.56
2011-11-11,991570.02
2011-11-11,594574.12
2011-11-11,615975.5
2011-11-11,311906.7
2011-11-11,880576.33
2011-11-11,917088.48
2011-11-11,1366053.69
2011-11-11,409686.63
2011-11-11,2269975.85
2011-11-11,1800728.07
2011-11-11,808624.82
2011-11-11,1402654.95
2011-11-11,2081534.65
2011-11-11,1095091.53
2011-11-11,2203028.96
2011-11-11,1302499.23
2011-11-11,1444783.64
2011-11-11,1051740.29
2011-11-11,1079931.63
2011-12-08,955913.68
2011-12-08,380376.85
2011-12-08,595626.56
2011-12-08,670670.46
2011-12-08,412224.67
2011-12-08,590836.37
2011-12-08,1514055.97
2011-12-08,1354188.43
2011-12-08,1380952.05
2011-12-08,1917397.63
2011-12-08,387844.05
2011-12-08,1484995.38
2011-12-08,1443311.49
2011-12-08,603147.26
2011-12-08,289886.16
2011-12-08,520284.79
2011-12-08,819911.89
2011-12-08,1218764.94
2011-12-08,776933.37
2011-12-08,800819.79
2011-12-08,274721.85
2011-12-08,856796.1
2011-12-08,2105668.74
2011-12-08,502504.39
2011-12-08,380188.69
2011-12-08,956251.18
2011-12-08,724180.89
2011-12-08,1970341.38
2011-12-08,1402818.01
2011-12-08,1758437.96
2011-12-08,1206795.74
2011-12-08,2052246.4
2011-12-08,563884.47
2011-12-08,1087644.5
2011-12-08,1928773.82
2011-12-08,290399.66
2011-12-08,667130.48
2011-12-08,471311.5
2011-12-08,955506.95
2011-12-08,991779.2
2011-12-08,1360969.45
2011-12-08,1812768.26
2011-12-08,1525147.09
2011-12-08,1356689.88
2011-12-08,928470.83
2012-01-06,2049485.49
2012-01-06,306005.53
2012-01-06,1640476.77
2012-01-06,435579.7
2012-01-06,359867.8
2012-01-06,921161.2
2012-01-06,1476144.34
2012-01-06,598495.02
2012-01-06,837144.63
2012-01-06,1404516.29
2012-01-06,605078.62
2012-01-06,1624477.58
2012-01-06,261131.09
2012-01-06,2035431.39
2012-01-06,1900638.6
2012-01-06,938914.28
2012-01-06,2143126.59
2012-01-06,531811.85
2012-01-06,1118313.7
2012-01-06,1037464.27
2012-01-06,663971.26
2012-01-06,427021.18
2012-01-06,532311.93
2012-01-06,1910092.37
2012-01-06,1157557.79
2012-01-06,432268.53
2012-01-06,2179360.94
2012-01-06,1467722.19
2012-01-06,1245480.95
2012-01-06,1361595.33
2012-01-06,1767471.48
2012-01-06,1374891.36
2012-01-06,981345.2
2012-01-06,695439.83
2012-01-06,932195.52
2012-01-06,1681121.38
2012-01-06,977062.44
2012-01-06,1450733.29
2012-01-06,1102857.37
2012-01-06,1015853.03
2012-01-06,694765.95
2012-01-06,521953.78
2012-01-06,576252.35
2012-01-06,323410.94
2012-01-06,583648.59
2012-02-03,990263.7
2012-02-03,1509323.09
2012-02-03,551058.13
2012-02-03,693249.98
2012-02-03,464189.09
2012-02-03,1550385.65
2012-02-03,438640.61
2012-02-03,1926004.99
2012-02-03,643155.89
2012-02-03,315396.72
2012-02-03,766571.1
2012-02-03,952264.91
2012-02-03,359206.21
2012-02-03,974866.65
2012-02-03,856178.47
2012-02-03,471115.38
2012-02-03,585895.34
2012-02-03,500801.72
2012-02-03,1438383.44
2012-02-03,316687.22
2012-02-03,1322852.2
2012-02-03,1308977.05
2012-02-03,1239813.26
2012-02-03,782796.01
2012-02-03,1688420.76
2012-02-03,2206319.9
2012-02-03,541292.64
2012-02-03,248051.53
2012-02-03,1213994.39
2012-02-03,2148822.76
2012-02-03,469752.56
2012-02-03,1990371.02
2012-02-03,1453047.02
2012-02-03,764385.4
2012-02-03,1153332.89
2012-02-03,1451740.57
2012-02-03,525559.17
2012-02-03,955641.74
2012-02-03,619498.28
2012-02-03,1952555.66
2012-02-03,1969742.76
2012-02-03,1147636.96
2012-02-03,927732.02
2012-02-03,1047178.91
2012-02-03,1427881.22
2012-03-02,588448.21
2012-03-02,757330.95
2012-03-02,475905.1
2012-03-02,864852.85
2012-03-02,1249696.97
2012-03-02,1935299.94
2012-03-02,1496305.78
2012-03-02,1049772.04
2012-03-02,1376732.18
2012-03-02,1877410.36
2012-03-02,1058767.95
2012-03-02,1564246.02
2012-03-02,1636339.65
2012-03-02,979552.34
2012-03-02,958487.75
2012-03-02,1867403.01
2012-03-02,2203523.2
2012-03-02,310982.87
2012-03-02,927610.69
2012-03-02,457711.68
2012-03-02,642776.4
2012-03-02,434080.74
2012-03-02,1156826.31
2012-03-02,1927780.74
2012-03-02,746901.03
2012-03-02,424960.66
2012-03-02,325986.05
2012-03-02,493159.35
2012-03-02,1261872.67
2012-03-02,680725.43
2012-03-02,549967.89
2012-03-02,939367.14
2012-03-02,2173373.91
2012-03-02,1208825.6
2012-03-02,629176.71
2012-03-02,580453.32
2012-03-02,1345311.65
2012-03-02,555424.24
2012-03-02,1391479.91
2012-03-02,256091.32
2012-03-02,1531599.44
2012-03-02,939158.25
2012-03-02,523831.64
2012-03-02,1396150.15
2012-03-02,333948.0
2012-03-08,1399341.07
2012-03-08,1376520.1
2012-03-08,324195.17
2012-03-08,2094515.71
2012-03-08,1183571.35
2012-03-08,2174514.13
2012-03-08,973250.41
2012-03-08,725729.51
2012-03-08,419990.29
2012-03-08,521959.28
2012-03-08,1656886.46
2012-03-08,2044148.23
2012-03-08,1068346.76
2012-03-08,504754.74
2012-03-08,1439607.35
2012-03-08,680954.81
2012-03-08,1946104.64
2012-03-08,1939440.09
2012-03-08,533887.54
2012-03-08,573084.71
2012-03-08,1705810.84
2012-03-08,709724.6
2012-03-08,614378.94
2012-03-08,1052066.58
2012-03-08,469311.17
2012-03-08,897076.73
2012-03-08,1627274.93
2012-03-08,304989.97
2012-03-08,1090915.09
2012-03-08,1342123.78
2012-03-08,958667.23
2012-03-08,1390174.63
2012-03-08,1416926.31
2012-03-08,1440374.13
2012-03-08,258533.12
2012-03-08,1631135.79
2012-03-08,342385.38
2012-03-08,590739.62
2012-03-08,425136.55
2012-03-08,584000.71
2012-03-08,866216.36
2012-03-08,693785.85
2012-03-08,1608277.74
2012-03-08,877813.33
2012-03-08,1007257.83
2012-04-05,1306551.71
2012-04-05,535311.64
2012-04-05,1543461.12
2012-04-05,1995994.51
2012-04-05,609274.89
2012-04-05,1359770.73
2012-04-05,312467.52
2012-04-05,465198.89
2012-04-05,2163510.89
2012-04-05,1050027.89
2012-04-05,326053.28
2012-04-05,426959.62
2012-04-05,1391257.28
2012-04-05,454477.54
2012-04-05,586289.08
2012-04-05,1512227.34
2012-04-05,1684519.99
2012-04-05,270497.51
2012-04-05,577868.38
2012-04-05,930121.14
2012-04-05,2196968.33
2012-04-05,1821364.42
2012-04-05,439913.57
2012-04-05,1073433.69
2012-04-05,1187384.53
2012-04-05,697645.32
2012-04-05,993311.59
2012-04-05,1949354.29
2012-04-05,946573.29
2012-04-05,1317379.68
2012-04-05,1923957.09
2012-04-05,991104.4
2012-04-05,1405007.44
2012-04-05,1450628.85
2012-04-05,1370251.22
2012-04-05,772036.6
2012-04-05,696421.72
2012-04-05,937232.09
2012-04-05,360932.69
2012-04-05,491755.69
2012-04-05,1669388.45
2012-04-05,637964.2
2012-04-05,1005083.31
2012-04-05,782300.68
2012-04-05,504963.84
2012-05-10,458479.01
2012-05-10,443557.65
2012-05-10,1069112.0
2012-05-10,642614.89
2012-05-10,343048.29
2012-05-10,1092204.79
2012-05-10,1009887.36
2012-05-10,1400160.95
2012-05-10,952609.17
2012-05-10,546122.37
2012-05-10,1464616.59
2012-05-10,1998321.04
2012-05-10,2209835.43
2012-05-10,733455.07
2012-05-10,651768.91
2012-05-10,1518177.71
2012-05-10,1574408.67
2012-05-10,471281.68
2012-05-10,593162.53
2012-05-10,1422794.26
2012-05-10,1670785.97
2012-05-10,1687592.16
2012-05-10,979825.92
2012-05-10,1758971.38
2012-05-10,1363365.05
2012-05-10,968896.68
2012-05-10,520632.8
2012-05-10,573498.64
2012-05-10,505830.56
2012-05-10,1591816.88
2012-05-10,699536.73
2012-05-10,866064.4
2012-05-10,446751.45
2012-05-10,2041918.74
2012-05-10,976436.02
2012-05-10,277137.86
2012-05-10,1408016.1
2012-05-10,1202775.24
2012-05-10,1095504.26
2012-05-10,606755.3
2012-05-10,1416720.54
2012-05-10,265444.9
2012-05-10,2246411.89
2012-05-10,1462941.03
2012-05-10,337390.44
2012-06-01,1859144.96
2012-06-01,312078.71
2012-06-01,267058.08
2012-06-01,1964701.94
2012-06-01,640181.86
2012-06-01,895358.2
2012-06-01,1401232.52
2012-06-01,478483.2
2012-06-01,1208191.61
2012-06-01,977286.07
2012-06-01,971557.62
2012-06-01,325327.93
2012-06-01,2047766.07
2012-06-01,1283885.55
2012-06-01,1535287.4
2012-06-01,1683401.78
2012-06-01,1550369.92
2012-06-01,1799520.14
2012-06-01,1198104.22
2012-06-01,1478537.93
2012-06-01,954576.86
2012-06-01,1099937.25
2012-06-01,516087.65
2012-06-01,670993.01
2012-06-01,519585.67
2012-06-01,1150662.55
2012-06-01,953844.85
2012-06-01,1251581.89
2012-06-01,945823.65
2012-06-01,329467.82
2012-06-01,714081.05
2012-06-01,1395339.71
2012-06-01,469773.85
2012-06-01,398178.21
2012-06-01,564538.07
2012-06-01,636372.37
2012-06-01,1266570.4
2012-06-01,636419.12
2012-06-01,713117.66
2012-06-01,671708.09
2012-06-01,872113.23
2012-06-01,1865752.78
2012-06-01,457030.86
2012-06-01,558343.57
2012-06-01,1466046.07
2012-06-04,1132064.23
2012-06-04,331026.11
2012-06-04,402985.7
2012-06-04,1200815.3
2012-06-04,986922.62
2012-06-04,1604605.69
2012-06-04,899479.43
2012-06-04,320021.1
2012-06-04,659950.36
2012-06-04,2271614.76
2012-06-04,633826.55
2012-06-04,677885.99
2012-06-04,1559592.79
2012-06-04,621425.98
2012-06-04,1116829.23
2012-06-04,2163384.17
2012-06-04,652312.11
2012-06-04,1764847.94
2012-06-04,1524734.29
2012-06-04,564848.78
2012-06-04,1270577.01
2012-06-04,461511.92
2012-06-04,1091020.37
2012-06-04,1899013.34
2012-06-04,791356.9
2012-06-04,1460234.31
2012-06-04,2129035.91
2012-06-04,860293.46
2012-06-04,1046816.59
2012-06-04,499267.66
2012-06-04,1631737.68
2012-06-04,1899676.88
2012-06-04,1596325.01
2012-06-04,761956.58
2012-06-04,1197489.66
2012-06-04,1496169.81
2012-06-04,1128765.71
2012-06-04,275911.97
2012-06-04,1840131.19
2012-06-04,2376022.26
2012-06-04,658468.27
2012-06-04,502662.07
2012-06-04,503232.13
2012-06-04,2470206.13
2012-06-04,2565259.92
2012-06-07,1182901.56
2012-06-07,1456300.89
2012-06-07,618702.09
2012-06-07,440553.42
2012-06-07,1014898.78
2012-06-07,2184980.35
2012-06-07,1180470.8
2012-06-07,693013.59
2012-06-07,2041507.4
2012-06-07,2224499.28
2012-06-07,1097786.14
2012-06-07,1461129.94
2012-06-07,2062224.92
2012-06-07,843361.1
2012-06-07,1500863.54
2012-06-07,1805999.79
2012-06-07,411206.5
2012-06-07,1214183.97
2012-06-07,1158247.31
2012-06-07,1458059.42
2012-06-07,578832.41
2012-06-07,2358055.3
2012-06-07,1862128.95
2012-06-07,1046782.52
2012-06-07,471086.22
2012-06-07,1545370.16
2012-06-07,519498.32
2012-06-07,1007867.68
2012-06-07,645618.59
2012-06-07,578790.36
2012-06-07,358461.58
2012-06-07,985479.64
2012-06-07,341214.43
2012-06-07,306578.89
2012-06-07,1557120.44
2012-06-07,936205.5
2012-06-07,1769854.16
2012-06-07,678024.75
2012-06-07,1659221.99
2012-06-07,753385.55
2012-06-07,805642.61
2012-06-07,1645097.75
2012-06-07,1876359.39
2012-06-07,273690.37
2012-06-07,641763.53
2012-07-09,617405.35
2012-07-09,1898777.07
2012-07-09,1088248.4
2012-07-09,597876.55
2012-07-09,1661767.33
2012-07-09,408229.73
2012-07-09,350648.91
2012-07-09,587259.82
2012-07-09,984833.35
2012-07-09,2165796.31
2012-07-09,996628.8
2012-07-09,1358111.62
2012-07-09,1427162.26
2012-07-09,932160.37
2012-07-09,1392143.82
2012-07-09,490274.82
2012-07-09,663814.18
2012-07-09,433565.77
2012-07-09,671482.9
2012-07-09,1840955.23
2012-07-09,1497073.82
2012-07-09,976415.56
2012-07-09,955146.04
2012-07-09,1708283.28
2012-07-09,1904512.34
2012-07-09,286428.78
2012-07-09,1609811.75
2012-07-09,1477134.75
2012-07-09,766512.66
2012-07-09,1081874.03
2012-07-09,338737.33
2012-07-09,565812.29
2012-07-09,642827.29
2012-07-09,1255633.29
2012-07-09,2125104.72
2012-07-09,1469693.99
2012-07-09,1126685.95
2012-07-09,2080529.06
2012-07-09,1304584.4
2012-07-09,1083521.24
2012-07-09,526838.14
2012-07-09,1608077.01
2012-07-09,293728.57
2012-07-09,537138.58
2012-07-09,540811.85
2012-08-06,1406313.13
2012-08-06,1086231.47
2012-08-06,642671.48
2012-08-06,338273.38
2012-08-06,2182437.9
2012-08-06,730254.19
2012-08-06,1390122.11
2012-08-06,437222.94
2012-08-06,446336.8
2012-08-06,795133.0
2012-08-06,1110479.94
2012-08-06,1436383.84
2012-08-06,873415.01
2012-08-06,603618.89
2012-08-06,1696619.52
2012-08-06,642963.75
2012-08-06,528940.78
2012-08-06,1440687.69
2012-08-06,554093.15
2012-08-06,2010216.49
2012-08-06,286082.76
2012-08-06,448110.25
2012-08-06,2099615.88
2012-08-06,341704.59
2012-08-06,999511.29
2012-08-06,1079386.88
2012-08-06,1697230.96
2012-08-06,2231962.13
2012-08-06,611390.67
2012-08-06,2245257.18
2012-08-06,1246322.44
2012-08-06,340238.38
2012-08-06,582525.42
2012-08-06,1840491.41
2012-08-06,1623442.24
2012-08-06,987990.24
2012-08-06,1106176.83
2012-08-06,1443285.79
2012-08-06,1061134.37
2012-08-06,1568048.54
2012-08-06,707895.72
2012-08-06,1414343.53
2012-08-06,643032.51
2012-08-06,1764756.31
2012-08-06,928820.0
2012-09-03,860224.98
2012-09-03,347295.6
2012-09-03,1124537.97
2012-09-03,504750.35
2012-09-03,1292724.9
2012-09-03,1680764.06
2012-09-03,545120.67
2012-09-03,574955.95
2012-09-03,960115.56
2012-09-03,755084.4
2012-09-03,579166.5
2012-09-03,535937.25
2012-09-03,1917483.1
2012-09-03,1470764.35
2012-09-03,659816.15
2012-09-03,287346.29
2012-09-03,452792.53
2012-09-03,1028569.01
2012-09-03,1675431.16
2012-09-03,1986445.65
2012-09-03,1439034.86
2012-09-03,1243814.77
2012-09-03,1325835.7
2012-09-03,1607343.41
2012-09-03,1937628.26
2012-09-03,1113208.57
2012-09-03,1358816.46
2012-09-03,2020839.31
2012-09-03,495951.66
2012-09-03,796351.35
2012-09-03,303438.24
2012-09-03,1569304.4
2012-09-03,445162.05
2012-09-03,2139265.4
2012-09-03,991127.01
2012-09-03,643711.53
2012-09-03,318674.93
2012-09-03,1413382.76
2012-09-03,446617.89
2012-09-03,976393.43
2012-09-03,776968.87
2012-09-03,1084894.47
2012-09-03,954233.87
2012-09-03,636677.67
2012-09-03,2202450.81
2012-10-02,770652.79
2012-10-02,2462978.28
2012-10-02,325377.97
2012-10-02,662198.65
2012-10-02,803657.12
2012-10-02,2103322.68
2012-10-02,1802477.43
2012-10-02,1499496.67
2012-10-02,2069284.57
2012-10-02,527041.46
2012-10-02,1651605.35
2012-10-02,469787.38
2012-10-02,2374660.64
2012-10-02,658984.38
2012-10-02,1129422.86
2012-10-02,849779.14
2012-10-02,999785.48
2012-10-02,2218595.8
2012-10-02,1403460.87
2012-10-02,1081005.64
2012-10-02,282552.58
2012-10-02,1021400.42
2012-10-02,609736.12
2012-10-02,628218.22
2012-10-02,1442988.44
2012-10-02,1358444.07
2012-10-02,349239.88
2012-10-02,1047658.09
2012-10-02,1034448.07
2012-10-02,1574287.76
2012-10-02,473766.97
2012-10-02,674919.45
2012-10-02,545840.05
2012-10-02,563460.77
2012-10-02,1572966.15
2012-10-02,1238844.56
2012-10-02,1199330.85
2012-10-02,473292.47
2012-10-02,1161615.51
2012-10-02,451365.99
2012-10-02,335741.9
2012-10-02,2077256.24
2012-10-02,880165.7
2012-10-02,1527688.58
2012-10-02,1620603.92
2012-10-08,1592409.97
2012-10-08,298947.51
2012-10-08,710496.97
2012-10-08,930745.69
2012-10-08,675926.3
2012-10-08,554036.84
2012-10-08,1497054.81
2012-10-08,1408907.89
2012-10-08,576620.31
2012-10-08,1004523.59
2012-10-08,733037.32
2012-10-08,1269113.41
2012-10-08,518628.42
2012-10-08,984689.9
2012-10-08,2041019.92
2012-10-08,430878.28
2012-10-08,1388973.65
2012-10-08,590453.63
2012-10-08,1720537.26
2012-10-08,1648570.03
2012-10-08,1880436.94
2012-10-08,2144245.39
2012-10-08,1227469.2
2012-10-08,297753.49
2012-10-08,333594.81
2012-10-08,538713.47
2012-10-08,1386472.59
2012-10-08,1121476.51
2012-10-08,888368.8
2012-10-08,500964.59
2012-10-08,306759.7
2012-10-08,1641867.92
2012-10-08,1866719.96
2012-10-08,1436311.76
2012-10-08,391811.6
2012-10-08,849074.04
2012-10-08,967304.07
2012-10-08,2193367.69
2012-10-08,436690.13
2012-10-08,643558.78
2012-10-08,1007906.43
2012-10-08,700272.01
2012-10-08,1504545.94
2012-10-08,973812.79
2012-10-08,1588380.73
2012-11-05,341381.08
2012-11-05,1917520.99
2012-11-05,997868.63
2012-11-05,592572.3
2012-11-05,436070.45
2012-11-05,944100.3
2012-11-05,1987531.05
2012-11-05,1611096.05
2012-11-05,295841.84
2012-11-05,2168097.11
2012-11-05,1674306.31
2012-11-05,527983.04
2012-11-05,1062548.73
2012-11-05,649945.54
2012-11-05,1470792.41
2012-11-05,2127661.17
2012-11-05,1792345.3
2012-11-05,967729.35
2012-11-05,1300147.07
2012-11-05,1187051.07
2012-11-05,579539.95
2012-11-05,949625.52
2012-11-05,1353285.1
2012-11-05,1355391.79
2012-11-05,2080764.17
2012-11-05,460397.41
2012-11-05,643603.69
2012-11-05,1517075.67
2012-11-05,1264575.18
2012-11-05,330518.34
2012-11-05,479855.0
2012-11-05,770487.37
2012-11-05,529707.87
2012-11-05,429914.6
2012-11-05,1321914.34
2012-11-05,1442873.22
2012-11-05,1392938.06
2012-11-05,1060433.1
2012-11-05,640159.04
2012-11-05,739866.16
2012-11-05,333870.52
2012-11-05,920128.89
2012-11-05,431985.36
2012-11-05,802383.63
2012-11-05,1041995.22
2012-12-10,1352809.5
2012-12-10,653043.44
2012-12-10,1205536.71
2012-12-10,1999079.44
2012-12-10,513737.0
2012-12-10,1074079.0
2012-12-10,434593.26
2012-12-10,410804.39
2012-12-10,1409544.97
2012-12-10,934917.47
2012-12-10,1311965.09
2012-12-10,1900745.13
2012-12-10,1660081.29
2012-12-10,919878.34
2012-12-10,1713889.11
2012-12-10,521810.75
2012-12-10,1416301.17
2012-12-10,1459396.84
2012-12-10,300236.85
2012-12-10,1573072.81
2012-12-10,619369.72
2012-12-10,491817.19
2012-12-10,503463.93
2012-12-10,873643.14
2012-12-10,612379.9
2012-12-10,437320.66
2012-12-10,1412925.25
2012-12-10,927511.99
2012-12-10,1401113.42
2012-12-10,325345.41
2012-12-10,551799.63
2012-12-10,2162951.36
2012-12-10,948613.39
2012-12-10,1494417.07
2012-12-10,558464.8
2012-12-10,291781.15
2012-12-10,2133026.07
2012-12-10,337796.13
2012-12-10,1044639.69
2012-12-10,1004039.84
2012-12-10,1176681.31
2012-12-10,982523.26
2012-12-10,1639585.61
2012-12-10,697317.41
2012-12-10,734464.36
